instruction,reference
Describe medieval architecture in simple terms.,Medieval architecture can be understood easily when broken down into basic ideas.
Classify whether this topic relates to science or humanities: global warming.,science
Describe neural networks in simple terms.,Neural networks can be understood easily when broken down into basic ideas.
Describe medieval architecture in simple terms.,Medieval architecture can be understood easily when broken down into basic ideas.
Summarize the concept of the solar system in two sentences.,The solar system can be briefly described in a concise manner. This summary captures its core ideas clearly.
Paraphrase the following sentence about medieval architecture: 'Medieval architecture is important for modern studies.',Understanding medieval architecture plays a crucial role in contemporary learning.
Paraphrase the following sentence about photosynthesis: 'Photosynthesis is important for modern studies.',Understanding photosynthesis plays a crucial role in contemporary learning.
Summarize the concept of data privacy in two sentences.,Data privacy can be briefly described in a concise manner. This summary captures its core ideas clearly.
Describe neural networks in simple terms.,Neural networks can be understood easily when broken down into basic ideas.
Paraphrase the following sentence about data privacy: 'Data privacy is important for modern studies.',Understanding data privacy plays a crucial role in contemporary learning.
Summarize the concept of photosynthesis in two sentences.,Photosynthesis can be briefly described in a concise manner. This summary captures its core ideas clearly.
Classify whether this topic relates to science or humanities: the solar system.,science
Why is neural networks important? Provide reasoning.,"Neural networks is important because it influences various aspects of science, society, or technology."
Explain what machine learning means.,Machine learning refers to a set of ideas and principles that can be understood through clear explanation.
Summarize the concept of data privacy in two sentences.,Data privacy can be briefly described in a concise manner. This summary captures its core ideas clearly.
Classify whether this topic relates to science or humanities: photosynthesis.,science
Why is data privacy important? Provide reasoning.,"Data privacy is important because it influences various aspects of science, society, or technology."
Describe history of Rome in simple terms.,History of rome can be understood easily when broken down into basic ideas.
Paraphrase the following sentence about machine learning: 'Machine learning is important for modern studies.',Understanding machine learning plays a crucial role in contemporary learning.
Explain what photosynthesis means.,Photosynthesis refers to a set of ideas and principles that can be understood through clear explanation.
Describe machine learning in simple terms.,Machine learning can be understood easily when broken down into basic ideas.
Summarize the concept of neural networks in two sentences.,Neural networks can be briefly described in a concise manner. This summary captures its core ideas clearly.
Explain what machine learning means.,Machine learning refers to a set of ideas and principles that can be understood through clear explanation.
Classify whether this topic relates to science or humanities: global warming.,science
Why is history of Rome important? Provide reasoning.,"History of rome is important because it influences various aspects of science, society, or technology."
Paraphrase the following sentence about photosynthesis: 'Photosynthesis is important for modern studies.',Understanding photosynthesis plays a crucial role in contemporary learning.
Classify whether this topic relates to science or humanities: photosynthesis.,science
Classify whether this topic relates to science or humanities: economic inflation.,science
Summarize the concept of history of Rome in two sentences.,History of rome can be briefly described in a concise manner. This summary captures its core ideas clearly.
Classify whether this topic relates to science or humanities: photosynthesis.,science
Paraphrase the following sentence about medieval architecture: 'Medieval architecture is important for modern studies.',Understanding medieval architecture plays a crucial role in contemporary learning.
Explain what quantum mechanics means.,Quantum mechanics refers to a set of ideas and principles that can be understood through clear explanation.
Summarize the concept of history of Rome in two sentences.,History of rome can be briefly described in a concise manner. This summary captures its core ideas clearly.
Paraphrase the following sentence about machine learning: 'Machine learning is important for modern studies.',Understanding machine learning plays a crucial role in contemporary learning.
Summarize the concept of medieval architecture in two sentences.,Medieval architecture can be briefly described in a concise manner. This summary captures its core ideas clearly.
Classify whether this topic relates to science or humanities: neural networks.,science
Describe economic inflation in simple terms.,Economic inflation can be understood easily when broken down into basic ideas.
Summarize the concept of quantum mechanics in two sentences.,Quantum mechanics can be briefly described in a concise manner. This summary captures its core ideas clearly.
Paraphrase the following sentence about the solar system: 'The solar system is important for modern studies.',Understanding the solar system plays a crucial role in contemporary learning.
Describe the solar system in simple terms.,The solar system can be understood easily when broken down into basic ideas.
Paraphrase the following sentence about photosynthesis: 'Photosynthesis is important for modern studies.',Understanding photosynthesis plays a crucial role in contemporary learning.
Summarize the concept of medieval architecture in two sentences.,Medieval architecture can be briefly described in a concise manner. This summary captures its core ideas clearly.
Summarize the concept of the solar system in two sentences.,The solar system can be briefly described in a concise manner. This summary captures its core ideas clearly.
Paraphrase the following sentence about machine learning: 'Machine learning is important for modern studies.',Understanding machine learning plays a crucial role in contemporary learning.
Summarize the concept of medieval architecture in two sentences.,Medieval architecture can be briefly described in a concise manner. This summary captures its core ideas clearly.
Paraphrase the following sentence about machine learning: 'Machine learning is important for modern studies.',Understanding machine learning plays a crucial role in contemporary learning.
Describe economic inflation in simple terms.,Economic inflation can be understood easily when broken down into basic ideas.
Paraphrase the following sentence about global warming: 'Global warming is important for modern studies.',Understanding global warming plays a crucial role in contemporary learning.
Classify whether this topic relates to science or humanities: history of Rome.,humanities
Describe neural networks in simple terms.,Neural networks can be understood easily when broken down into basic ideas.
Classify whether this topic relates to science or humanities: economic inflation.,science
Describe global warming in simple terms.,Global warming can be understood easily when broken down into basic ideas.
Why is quantum mechanics important? Provide reasoning.,"Quantum mechanics is important because it influences various aspects of science, society, or technology."
Describe neural networks in simple terms.,Neural networks can be understood easily when broken down into basic ideas.
Why is quantum mechanics important? Provide reasoning.,"Quantum mechanics is important because it influences various aspects of science, society, or technology."
Summarize the concept of data privacy in two sentences.,Data privacy can be briefly described in a concise manner. This summary captures its core ideas clearly.
Explain what the solar system means.,The solar system refers to a set of ideas and principles that can be understood through clear explanation.
Paraphrase the following sentence about machine learning: 'Machine learning is important for modern studies.',Understanding machine learning plays a crucial role in contemporary learning.
Summarize the concept of medieval architecture in two sentences.,Medieval architecture can be briefly described in a concise manner. This summary captures its core ideas clearly.
Why is the solar system important? Provide reasoning.,"The solar system is important because it influences various aspects of science, society, or technology."
Paraphrase the following sentence about quantum mechanics: 'Quantum mechanics is important for modern studies.',Understanding quantum mechanics plays a crucial role in contemporary learning.
Describe economic inflation in simple terms.,Economic inflation can be understood easily when broken down into basic ideas.
Describe data privacy in simple terms.,Data privacy can be understood easily when broken down into basic ideas.
Summarize the concept of the solar system in two sentences.,The solar system can be briefly described in a concise manner. This summary captures its core ideas clearly.
Explain what photosynthesis means.,Photosynthesis refers to a set of ideas and principles that can be understood through clear explanation.
Explain what machine learning means.,Machine learning refers to a set of ideas and principles that can be understood through clear explanation.
Why is global warming important? Provide reasoning.,"Global warming is important because it influences various aspects of science, society, or technology."
Summarize the concept of economic inflation in two sentences.,Economic inflation can be briefly described in a concise manner. This summary captures its core ideas clearly.
Paraphrase the following sentence about neural networks: 'Neural networks is important for modern studies.',Understanding neural networks plays a crucial role in contemporary learning.
Classify whether this topic relates to science or humanities: machine learning.,science
Why is data privacy important? Provide reasoning.,"Data privacy is important because it influences various aspects of science, society, or technology."
Classify whether this topic relates to science or humanities: medieval architecture.,humanities
Classify whether this topic relates to science or humanities: history of Rome.,humanities
Paraphrase the following sentence about medieval architecture: 'Medieval architecture is important for modern studies.',Understanding medieval architecture plays a crucial role in contemporary learning.
Paraphrase the following sentence about machine learning: 'Machine learning is important for modern studies.',Understanding machine learning plays a crucial role in contemporary learning.
Why is the solar system important? Provide reasoning.,"The solar system is important because it influences various aspects of science, society, or technology."
Describe data privacy in simple terms.,Data privacy can be understood easily when broken down into basic ideas.
Describe quantum mechanics in simple terms.,Quantum mechanics can be understood easily when broken down into basic ideas.
Summarize the concept of neural networks in two sentences.,Neural networks can be briefly described in a concise manner. This summary captures its core ideas clearly.
Classify whether this topic relates to science or humanities: neural networks.,science
Explain what data privacy means.,Data privacy refers to a set of ideas and principles that can be understood through clear explanation.
Classify whether this topic relates to science or humanities: the solar system.,science
Summarize the concept of photosynthesis in two sentences.,Photosynthesis can be briefly described in a concise manner. This summary captures its core ideas clearly.
Classify whether this topic relates to science or humanities: neural networks.,science
Paraphrase the following sentence about global warming: 'Global warming is important for modern studies.',Understanding global warming plays a crucial role in contemporary learning.
Classify whether this topic relates to science or humanities: medieval architecture.,humanities
Summarize the concept of the solar system in two sentences.,The solar system can be briefly described in a concise manner. This summary captures its core ideas clearly.
Why is economic inflation important? Provide reasoning.,"Economic inflation is important because it influences various aspects of science, society, or technology."
Summarize the concept of the solar system in two sentences.,The solar system can be briefly described in a concise manner. This summary captures its core ideas clearly.
Paraphrase the following sentence about quantum mechanics: 'Quantum mechanics is important for modern studies.',Understanding quantum mechanics plays a crucial role in contemporary learning.
Classify whether this topic relates to science or humanities: machine learning.,science
Why is neural networks important? Provide reasoning.,"Neural networks is important because it influences various aspects of science, society, or technology."
Describe medieval architecture in simple terms.,Medieval architecture can be understood easily when broken down into basic ideas.
Summarize the concept of history of Rome in two sentences.,History of rome can be briefly described in a concise manner. This summary captures its core ideas clearly.
Explain what neural networks means.,Neural networks refers to a set of ideas and principles that can be understood through clear explanation.
Paraphrase the following sentence about history of Rome: 'History of rome is important for modern studies.',Understanding history of Rome plays a crucial role in contemporary learning.
Classify whether this topic relates to science or humanities: data privacy.,science
Describe medieval architecture in simple terms.,Medieval architecture can be understood easily when broken down into basic ideas.
Why is data privacy important? Provide reasoning.,"Data privacy is important because it influences various aspects of science, society, or technology."
Classify whether this topic relates to science or humanities: machine learning.,science
Paraphrase the following sentence about machine learning: 'Machine learning is important for modern studies.',Understanding machine learning plays a crucial role in contemporary learning.
Describe medieval architecture in simple terms.,Medieval architecture can be understood easily when broken down into basic ideas.
Classify whether this topic relates to science or humanities: neural networks.,science
Classify whether this topic relates to science or humanities: medieval architecture.,humanities
Classify whether this topic relates to science or humanities: data privacy.,science
Summarize the concept of quantum mechanics in two sentences.,Quantum mechanics can be briefly described in a concise manner. This summary captures its core ideas clearly.
Why is data privacy important? Provide reasoning.,"Data privacy is important because it influences various aspects of science, society, or technology."
Describe economic inflation in simple terms.,Economic inflation can be understood easily when broken down into basic ideas.
Classify whether this topic relates to science or humanities: quantum mechanics.,science
Paraphrase the following sentence about photosynthesis: 'Photosynthesis is important for modern studies.',Understanding photosynthesis plays a crucial role in contemporary learning.
Summarize the concept of quantum mechanics in two sentences.,Quantum mechanics can be briefly described in a concise manner. This summary captures its core ideas clearly.
Why is data privacy important? Provide reasoning.,"Data privacy is important because it influences various aspects of science, society, or technology."
Paraphrase the following sentence about data privacy: 'Data privacy is important for modern studies.',Understanding data privacy plays a crucial role in contemporary learning.
Why is medieval architecture important? Provide reasoning.,"Medieval architecture is important because it influences various aspects of science, society, or technology."
Classify whether this topic relates to science or humanities: photosynthesis.,science
Classify whether this topic relates to science or humanities: economic inflation.,science
Explain what the solar system means.,The solar system refers to a set of ideas and principles that can be understood through clear explanation.
Explain what data privacy means.,Data privacy refers to a set of ideas and principles that can be understood through clear explanation.
Why is economic inflation important? Provide reasoning.,"Economic inflation is important because it influences various aspects of science, society, or technology."
Explain what neural networks means.,Neural networks refers to a set of ideas and principles that can be understood through clear explanation.
Describe machine learning in simple terms.,Machine learning can be understood easily when broken down into basic ideas.
Classify whether this topic relates to science or humanities: data privacy.,science
Paraphrase the following sentence about photosynthesis: 'Photosynthesis is important for modern studies.',Understanding photosynthesis plays a crucial role in contemporary learning.
Summarize the concept of machine learning in two sentences.,Machine learning can be briefly described in a concise manner. This summary captures its core ideas clearly.
Describe machine learning in simple terms.,Machine learning can be understood easily when broken down into basic ideas.
Explain what economic inflation means.,Economic inflation refers to a set of ideas and principles that can be understood through clear explanation.
Describe the solar system in simple terms.,The solar system can be understood easily when broken down into basic ideas.
Explain what data privacy means.,Data privacy refers to a set of ideas and principles that can be understood through clear explanation.
Paraphrase the following sentence about neural networks: 'Neural networks is important for modern studies.',Understanding neural networks plays a crucial role in contemporary learning.
Summarize the concept of photosynthesis in two sentences.,Photosynthesis can be briefly described in a concise manner. This summary captures its core ideas clearly.
Describe history of Rome in simple terms.,History of rome can be understood easily when broken down into basic ideas.
Describe medieval architecture in simple terms.,Medieval architecture can be understood easily when broken down into basic ideas.
Describe data privacy in simple terms.,Data privacy can be understood easily when broken down into basic ideas.
Classify whether this topic relates to science or humanities: medieval architecture.,humanities
Why is photosynthesis important? Provide reasoning.,"Photosynthesis is important because it influences various aspects of science, society, or technology."
Why is the solar system important? Provide reasoning.,"The solar system is important because it influences various aspects of science, society, or technology."
Paraphrase the following sentence about economic inflation: 'Economic inflation is important for modern studies.',Understanding economic inflation plays a crucial role in contemporary learning.
Why is neural networks important? Provide reasoning.,"Neural networks is important because it influences various aspects of science, society, or technology."
Classify whether this topic relates to science or humanities: neural networks.,science
Paraphrase the following sentence about photosynthesis: 'Photosynthesis is important for modern studies.',Understanding photosynthesis plays a crucial role in contemporary learning.
Paraphrase the following sentence about medieval architecture: 'Medieval architecture is important for modern studies.',Understanding medieval architecture plays a crucial role in contemporary learning.
Explain what the solar system means.,The solar system refers to a set of ideas and principles that can be understood through clear explanation.
Describe medieval architecture in simple terms.,Medieval architecture can be understood easily when broken down into basic ideas.
Paraphrase the following sentence about data privacy: 'Data privacy is important for modern studies.',Understanding data privacy plays a crucial role in contemporary learning.
Explain what global warming means.,Global warming refers to a set of ideas and principles that can be understood through clear explanation.
Explain what machine learning means.,Machine learning refers to a set of ideas and principles that can be understood through clear explanation.
Paraphrase the following sentence about photosynthesis: 'Photosynthesis is important for modern studies.',Understanding photosynthesis plays a crucial role in contemporary learning.
Describe quantum mechanics in simple terms.,Quantum mechanics can be understood easily when broken down into basic ideas.
Paraphrase the following sentence about photosynthesis: 'Photosynthesis is important for modern studies.',Understanding photosynthesis plays a crucial role in contemporary learning.
Paraphrase the following sentence about data privacy: 'Data privacy is important for modern studies.',Understanding data privacy plays a crucial role in contemporary learning.
Classify whether this topic relates to science or humanities: data privacy.,science
Paraphrase the following sentence about neural networks: 'Neural networks is important for modern studies.',Understanding neural networks plays a crucial role in contemporary learning.
Summarize the concept of global warming in two sentences.,Global warming can be briefly described in a concise manner. This summary captures its core ideas clearly.
Explain what economic inflation means.,Economic inflation refers to a set of ideas and principles that can be understood through clear explanation.
Paraphrase the following sentence about medieval architecture: 'Medieval architecture is important for modern studies.',Understanding medieval architecture plays a crucial role in contemporary learning.
Why is photosynthesis important? Provide reasoning.,"Photosynthesis is important because it influences various aspects of science, society, or technology."
Classify whether this topic relates to science or humanities: the solar system.,science
Classify whether this topic relates to science or humanities: neural networks.,science
Paraphrase the following sentence about medieval architecture: 'Medieval architecture is important for modern studies.',Understanding medieval architecture plays a crucial role in contemporary learning.
Paraphrase the following sentence about the solar system: 'The solar system is important for modern studies.',Understanding the solar system plays a crucial role in contemporary learning.
Summarize the concept of history of Rome in two sentences.,History of rome can be briefly described in a concise manner. This summary captures its core ideas clearly.
Explain what machine learning means.,Machine learning refers to a set of ideas and principles that can be understood through clear explanation.
Paraphrase the following sentence about photosynthesis: 'Photosynthesis is important for modern studies.',Understanding photosynthesis plays a crucial role in contemporary learning.
Why is quantum mechanics important? Provide reasoning.,"Quantum mechanics is important because it influences various aspects of science, society, or technology."
Summarize the concept of quantum mechanics in two sentences.,Quantum mechanics can be briefly described in a concise manner. This summary captures its core ideas clearly.
Summarize the concept of global warming in two sentences.,Global warming can be briefly described in a concise manner. This summary captures its core ideas clearly.
Paraphrase the following sentence about global warming: 'Global warming is important for modern studies.',Understanding global warming plays a crucial role in contemporary learning.
Paraphrase the following sentence about machine learning: 'Machine learning is important for modern studies.',Understanding machine learning plays a crucial role in contemporary learning.
Describe the solar system in simple terms.,The solar system can be understood easily when broken down into basic ideas.
Classify whether this topic relates to science or humanities: quantum mechanics.,science
Classify whether this topic relates to science or humanities: medieval architecture.,humanities
Summarize the concept of medieval architecture in two sentences.,Medieval architecture can be briefly described in a concise manner. This summary captures its core ideas clearly.
Explain what neural networks means.,Neural networks refers to a set of ideas and principles that can be understood through clear explanation.
Explain what photosynthesis means.,Photosynthesis refers to a set of ideas and principles that can be understood through clear explanation.
Explain what the solar system means.,The solar system refers to a set of ideas and principles that can be understood through clear explanation.
Explain what economic inflation means.,Economic inflation refers to a set of ideas and principles that can be understood through clear explanation.
Why is photosynthesis important? Provide reasoning.,"Photosynthesis is important because it influences various aspects of science, society, or technology."
Summarize the concept of neural networks in two sentences.,Neural networks can be briefly described in a concise manner. This summary captures its core ideas clearly.
Summarize the concept of neural networks in two sentences.,Neural networks can be briefly described in a concise manner. This summary captures its core ideas clearly.
Classify whether this topic relates to science or humanities: history of Rome.,humanities
Summarize the concept of neural networks in two sentences.,Neural networks can be briefly described in a concise manner. This summary captures its core ideas clearly.
Classify whether this topic relates to science or humanities: history of Rome.,humanities
Describe medieval architecture in simple terms.,Medieval architecture can be understood easily when broken down into basic ideas.
Describe photosynthesis in simple terms.,Photosynthesis can be understood easily when broken down into basic ideas.
Describe medieval architecture in simple terms.,Medieval architecture can be understood easily when broken down into basic ideas.
Explain what medieval architecture means.,Medieval architecture refers to a set of ideas and principles that can be understood through clear explanation.
Describe medieval architecture in simple terms.,Medieval architecture can be understood easily when broken down into basic ideas.
Classify whether this topic relates to science or humanities: the solar system.,science
Summarize the concept of data privacy in two sentences.,Data privacy can be briefly described in a concise manner. This summary captures its core ideas clearly.
Why is data privacy important? Provide reasoning.,"Data privacy is important because it influences various aspects of science, society, or technology."
Describe quantum mechanics in simple terms.,Quantum mechanics can be understood easily when broken down into basic ideas.
Summarize the concept of machine learning in two sentences.,Machine learning can be briefly described in a concise manner. This summary captures its core ideas clearly.
Paraphrase the following sentence about economic inflation: 'Economic inflation is important for modern studies.',Understanding economic inflation plays a crucial role in contemporary learning.
Describe quantum mechanics in simple terms.,Quantum mechanics can be understood easily when broken down into basic ideas.
Classify whether this topic relates to science or humanities: the solar system.,science
Paraphrase the following sentence about economic inflation: 'Economic inflation is important for modern studies.',Understanding economic inflation plays a crucial role in contemporary learning.
Summarize the concept of history of Rome in two sentences.,History of rome can be briefly described in a concise manner. This summary captures its core ideas clearly.
Why is quantum mechanics important? Provide reasoning.,"Quantum mechanics is important because it influences various aspects of science, society, or technology."
Describe history of Rome in simple terms.,History of rome can be understood easily when broken down into basic ideas.
Classify whether this topic relates to science or humanities: neural networks.,science
Why is quantum mechanics important? Provide reasoning.,"Quantum mechanics is important because it influences various aspects of science, society, or technology."
Classify whether this topic relates to science or humanities: economic inflation.,science
Classify whether this topic relates to science or humanities: economic inflation.,science
Why is data privacy important? Provide reasoning.,"Data privacy is important because it influences various aspects of science, society, or technology."
Why is the solar system important? Provide reasoning.,"The solar system is important because it influences various aspects of science, society, or technology."
Why is quantum mechanics important? Provide reasoning.,"Quantum mechanics is important because it influences various aspects of science, society, or technology."
Describe neural networks in simple terms.,Neural networks can be understood easily when broken down into basic ideas.
Explain what history of Rome means.,History of rome refers to a set of ideas and principles that can be understood through clear explanation.
Paraphrase the following sentence about medieval architecture: 'Medieval architecture is important for modern studies.',Understanding medieval architecture plays a crucial role in contemporary learning.
Why is machine learning important? Provide reasoning.,"Machine learning is important because it influences various aspects of science, society, or technology."
Summarize the concept of economic inflation in two sentences.,Economic inflation can be briefly described in a concise manner. This summary captures its core ideas clearly.
Explain what data privacy means.,Data privacy refers to a set of ideas and principles that can be understood through clear explanation.
Explain what global warming means.,Global warming refers to a set of ideas and principles that can be understood through clear explanation.
Classify whether this topic relates to science or humanities: global warming.,science
Summarize the concept of medieval architecture in two sentences.,Medieval architecture can be briefly described in a concise manner. This summary captures its core ideas clearly.
Why is history of Rome important? Provide reasoning.,"History of rome is important because it influences various aspects of science, society, or technology."
Why is medieval architecture important? Provide reasoning.,"Medieval architecture is important because it influences various aspects of science, society, or technology."
Summarize the concept of photosynthesis in two sentences.,Photosynthesis can be briefly described in a concise manner. This summary captures its core ideas clearly.
Paraphrase the following sentence about medieval architecture: 'Medieval architecture is important for modern studies.',Understanding medieval architecture plays a crucial role in contemporary learning.
Summarize the concept of global warming in two sentences.,Global warming can be briefly described in a concise manner. This summary captures its core ideas clearly.
Paraphrase the following sentence about history of Rome: 'History of rome is important for modern studies.',Understanding history of Rome plays a crucial role in contemporary learning.
Why is neural networks important? Provide reasoning.,"Neural networks is important because it influences various aspects of science, society, or technology."
Classify whether this topic relates to science or humanities: data privacy.,science
Why is neural networks important? Provide reasoning.,"Neural networks is important because it influences various aspects of science, society, or technology."
Paraphrase the following sentence about global warming: 'Global warming is important for modern studies.',Understanding global warming plays a crucial role in contemporary learning.
Why is global warming important? Provide reasoning.,"Global warming is important because it influences various aspects of science, society, or technology."
Why is medieval architecture important? Provide reasoning.,"Medieval architecture is important because it influences various aspects of science, society, or technology."
Explain what the solar system means.,The solar system refers to a set of ideas and principles that can be understood through clear explanation.
Paraphrase the following sentence about neural networks: 'Neural networks is important for modern studies.',Understanding neural networks plays a crucial role in contemporary learning.
Classify whether this topic relates to science or humanities: neural networks.,science
Classify whether this topic relates to science or humanities: economic inflation.,science
Describe economic inflation in simple terms.,Economic inflation can be understood easily when broken down into basic ideas.
Why is global warming important? Provide reasoning.,"Global warming is important because it influences various aspects of science, society, or technology."
Describe economic inflation in simple terms.,Economic inflation can be understood easily when broken down into basic ideas.
Classify whether this topic relates to science or humanities: machine learning.,science
Summarize the concept of global warming in two sentences.,Global warming can be briefly described in a concise manner. This summary captures its core ideas clearly.
Explain what machine learning means.,Machine learning refers to a set of ideas and principles that can be understood through clear explanation.
Summarize the concept of history of Rome in two sentences.,History of rome can be briefly described in a concise manner. This summary captures its core ideas clearly.
Paraphrase the following sentence about medieval architecture: 'Medieval architecture is important for modern studies.',Understanding medieval architecture plays a crucial role in contemporary learning.
Paraphrase the following sentence about data privacy: 'Data privacy is important for modern studies.',Understanding data privacy plays a crucial role in contemporary learning.
Paraphrase the following sentence about data privacy: 'Data privacy is important for modern studies.',Understanding data privacy plays a crucial role in contemporary learning.
Describe the solar system in simple terms.,The solar system can be understood easily when broken down into basic ideas.
Paraphrase the following sentence about economic inflation: 'Economic inflation is important for modern studies.',Understanding economic inflation plays a crucial role in contemporary learning.
Summarize the concept of history of Rome in two sentences.,History of rome can be briefly described in a concise manner. This summary captures its core ideas clearly.
Explain what machine learning means.,Machine learning refers to a set of ideas and principles that can be understood through clear explanation.
Describe photosynthesis in simple terms.,Photosynthesis can be understood easily when broken down into basic ideas.
Classify whether this topic relates to science or humanities: neural networks.,science
Explain what data privacy means.,Data privacy refers to a set of ideas and principles that can be understood through clear explanation.
Explain what medieval architecture means.,Medieval architecture refers to a set of ideas and principles that can be understood through clear explanation.
Explain what quantum mechanics means.,Quantum mechanics refers to a set of ideas and principles that can be understood through clear explanation.
Classify whether this topic relates to science or humanities: quantum mechanics.,science
Classify whether this topic relates to science or humanities: medieval architecture.,humanities
Describe neural networks in simple terms.,Neural networks can be understood easily when broken down into basic ideas.
Describe machine learning in simple terms.,Machine learning can be understood easily when broken down into basic ideas.
Describe neural networks in simple terms.,Neural networks can be understood easily when broken down into basic ideas.
Describe neural networks in simple terms.,Neural networks can be understood easily when broken down into basic ideas.
Summarize the concept of medieval architecture in two sentences.,Medieval architecture can be briefly described in a concise manner. This summary captures its core ideas clearly.
Describe quantum mechanics in simple terms.,Quantum mechanics can be understood easily when broken down into basic ideas.
Explain what data privacy means.,Data privacy refers to a set of ideas and principles that can be understood through clear explanation.
Classify whether this topic relates to science or humanities: data privacy.,science
Why is global warming important? Provide reasoning.,"Global warming is important because it influences various aspects of science, society, or technology."
Why is history of Rome important? Provide reasoning.,"History of rome is important because it influences various aspects of science, society, or technology."
Classify whether this topic relates to science or humanities: photosynthesis.,science
Summarize the concept of the solar system in two sentences.,The solar system can be briefly described in a concise manner. This summary captures its core ideas clearly.
Describe economic inflation in simple terms.,Economic inflation can be understood easily when broken down into basic ideas.
Classify whether this topic relates to science or humanities: quantum mechanics.,science
Why is history of Rome important? Provide reasoning.,"History of rome is important because it influences various aspects of science, society, or technology."
Paraphrase the following sentence about medieval architecture: 'Medieval architecture is important for modern studies.',Understanding medieval architecture plays a crucial role in contemporary learning.
Summarize the concept of machine learning in two sentences.,Machine learning can be briefly described in a concise manner. This summary captures its core ideas clearly.
Why is photosynthesis important? Provide reasoning.,"Photosynthesis is important because it influences various aspects of science, society, or technology."
Explain what photosynthesis means.,Photosynthesis refers to a set of ideas and principles that can be understood through clear explanation.
Describe quantum mechanics in simple terms.,Quantum mechanics can be understood easily when broken down into basic ideas.
Classify whether this topic relates to science or humanities: data privacy.,science
Paraphrase the following sentence about economic inflation: 'Economic inflation is important for modern studies.',Understanding economic inflation plays a crucial role in contemporary learning.
Why is global warming important? Provide reasoning.,"Global warming is important because it influences various aspects of science, society, or technology."
Paraphrase the following sentence about global warming: 'Global warming is important for modern studies.',Understanding global warming plays a crucial role in contemporary learning.
Classify whether this topic relates to science or humanities: medieval architecture.,humanities
Explain what global warming means.,Global warming refers to a set of ideas and principles that can be understood through clear explanation.
Explain what machine learning means.,Machine learning refers to a set of ideas and principles that can be understood through clear explanation.
Describe global warming in simple terms.,Global warming can be understood easily when broken down into basic ideas.
Paraphrase the following sentence about neural networks: 'Neural networks is important for modern studies.',Understanding neural networks plays a crucial role in contemporary learning.
Paraphrase the following sentence about quantum mechanics: 'Quantum mechanics is important for modern studies.',Understanding quantum mechanics plays a crucial role in contemporary learning.
Describe neural networks in simple terms.,Neural networks can be understood easily when broken down into basic ideas.
Explain what economic inflation means.,Economic inflation refers to a set of ideas and principles that can be understood through clear explanation.
Classify whether this topic relates to science or humanities: the solar system.,science
Describe neural networks in simple terms.,Neural networks can be understood easily when broken down into basic ideas.
Classify whether this topic relates to science or humanities: global warming.,science
Explain what photosynthesis means.,Photosynthesis refers to a set of ideas and principles that can be understood through clear explanation.
Explain what global warming means.,Global warming refers to a set of ideas and principles that can be understood through clear explanation.
Describe medieval architecture in simple terms.,Medieval architecture can be understood easily when broken down into basic ideas.
Explain what data privacy means.,Data privacy refers to a set of ideas and principles that can be understood through clear explanation.
Describe neural networks in simple terms.,Neural networks can be understood easily when broken down into basic ideas.
Describe global warming in simple terms.,Global warming can be understood easily when broken down into basic ideas.
Paraphrase the following sentence about neural networks: 'Neural networks is important for modern studies.',Understanding neural networks plays a crucial role in contemporary learning.
Why is the solar system important? Provide reasoning.,"The solar system is important because it influences various aspects of science, society, or technology."
Why is neural networks important? Provide reasoning.,"Neural networks is important because it influences various aspects of science, society, or technology."
Summarize the concept of neural networks in two sentences.,Neural networks can be briefly described in a concise manner. This summary captures its core ideas clearly.
Summarize the concept of data privacy in two sentences.,Data privacy can be briefly described in a concise manner. This summary captures its core ideas clearly.
Paraphrase the following sentence about economic inflation: 'Economic inflation is important for modern studies.',Understanding economic inflation plays a crucial role in contemporary learning.
Describe quantum mechanics in simple terms.,Quantum mechanics can be understood easily when broken down into basic ideas.
Summarize the concept of quantum mechanics in two sentences.,Quantum mechanics can be briefly described in a concise manner. This summary captures its core ideas clearly.
Why is photosynthesis important? Provide reasoning.,"Photosynthesis is important because it influences various aspects of science, society, or technology."
Paraphrase the following sentence about medieval architecture: 'Medieval architecture is important for modern studies.',Understanding medieval architecture plays a crucial role in contemporary learning.
Explain what history of Rome means.,History of rome refers to a set of ideas and principles that can be understood through clear explanation.
Paraphrase the following sentence about photosynthesis: 'Photosynthesis is important for modern studies.',Understanding photosynthesis plays a crucial role in contemporary learning.
Paraphrase the following sentence about quantum mechanics: 'Quantum mechanics is important for modern studies.',Understanding quantum mechanics plays a crucial role in contemporary learning.
Classify whether this topic relates to science or humanities: data privacy.,science
Explain what economic inflation means.,Economic inflation refers to a set of ideas and principles that can be understood through clear explanation.
Paraphrase the following sentence about neural networks: 'Neural networks is important for modern studies.',Understanding neural networks plays a crucial role in contemporary learning.
Describe data privacy in simple terms.,Data privacy can be understood easily when broken down into basic ideas.
Why is medieval architecture important? Provide reasoning.,"Medieval architecture is important because it influences various aspects of science, society, or technology."
Describe photosynthesis in simple terms.,Photosynthesis can be understood easily when broken down into basic ideas.
Classify whether this topic relates to science or humanities: photosynthesis.,science
Describe data privacy in simple terms.,Data privacy can be understood easily when broken down into basic ideas.
Summarize the concept of neural networks in two sentences.,Neural networks can be briefly described in a concise manner. This summary captures its core ideas clearly.
Why is data privacy important? Provide reasoning.,"Data privacy is important because it influences various aspects of science, society, or technology."
Classify whether this topic relates to science or humanities: photosynthesis.,science
Classify whether this topic relates to science or humanities: global warming.,science
Describe medieval architecture in simple terms.,Medieval architecture can be understood easily when broken down into basic ideas.
Classify whether this topic relates to science or humanities: data privacy.,science
Summarize the concept of photosynthesis in two sentences.,Photosynthesis can be briefly described in a concise manner. This summary captures its core ideas clearly.
Explain what photosynthesis means.,Photosynthesis refers to a set of ideas and principles that can be understood through clear explanation.
Why is photosynthesis important? Provide reasoning.,"Photosynthesis is important because it influences various aspects of science, society, or technology."
Why is the solar system important? Provide reasoning.,"The solar system is important because it influences various aspects of science, society, or technology."
Paraphrase the following sentence about history of Rome: 'History of rome is important for modern studies.',Understanding history of Rome plays a crucial role in contemporary learning.
Paraphrase the following sentence about the solar system: 'The solar system is important for modern studies.',Understanding the solar system plays a crucial role in contemporary learning.
Classify whether this topic relates to science or humanities: the solar system.,science
Explain what medieval architecture means.,Medieval architecture refers to a set of ideas and principles that can be understood through clear explanation.
Describe photosynthesis in simple terms.,Photosynthesis can be understood easily when broken down into basic ideas.
Classify whether this topic relates to science or humanities: the solar system.,science
Paraphrase the following sentence about medieval architecture: 'Medieval architecture is important for modern studies.',Understanding medieval architecture plays a crucial role in contemporary learning.
Classify whether this topic relates to science or humanities: quantum mechanics.,science
Explain what quantum mechanics means.,Quantum mechanics refers to a set of ideas and principles that can be understood through clear explanation.
Why is medieval architecture important? Provide reasoning.,"Medieval architecture is important because it influences various aspects of science, society, or technology."
Describe data privacy in simple terms.,Data privacy can be understood easily when broken down into basic ideas.
Paraphrase the following sentence about machine learning: 'Machine learning is important for modern studies.',Understanding machine learning plays a crucial role in contemporary learning.
Explain what economic inflation means.,Economic inflation refers to a set of ideas and principles that can be understood through clear explanation.
Why is global warming important? Provide reasoning.,"Global warming is important because it influences various aspects of science, society, or technology."
Explain what data privacy means.,Data privacy refers to a set of ideas and principles that can be understood through clear explanation.
Explain what the solar system means.,The solar system refers to a set of ideas and principles that can be understood through clear explanation.
Why is history of Rome important? Provide reasoning.,"History of rome is important because it influences various aspects of science, society, or technology."
Paraphrase the following sentence about the solar system: 'The solar system is important for modern studies.',Understanding the solar system plays a crucial role in contemporary learning.
Summarize the concept of photosynthesis in two sentences.,Photosynthesis can be briefly described in a concise manner. This summary captures its core ideas clearly.
Why is neural networks important? Provide reasoning.,"Neural networks is important because it influences various aspects of science, society, or technology."
Summarize the concept of history of Rome in two sentences.,History of rome can be briefly described in a concise manner. This summary captures its core ideas clearly.
Describe economic inflation in simple terms.,Economic inflation can be understood easily when broken down into basic ideas.
Describe global warming in simple terms.,Global warming can be understood easily when broken down into basic ideas.
Classify whether this topic relates to science or humanities: history of Rome.,humanities
Describe the solar system in simple terms.,The solar system can be understood easily when broken down into basic ideas.
Why is economic inflation important? Provide reasoning.,"Economic inflation is important because it influences various aspects of science, society, or technology."
Describe history of Rome in simple terms.,History of rome can be understood easily when broken down into basic ideas.
Explain what quantum mechanics means.,Quantum mechanics refers to a set of ideas and principles that can be understood through clear explanation.
Classify whether this topic relates to science or humanities: data privacy.,science
Describe economic inflation in simple terms.,Economic inflation can be understood easily when broken down into basic ideas.
Describe data privacy in simple terms.,Data privacy can be understood easily when broken down into basic ideas.
Why is economic inflation important? Provide reasoning.,"Economic inflation is important because it influences various aspects of science, society, or technology."
Explain what data privacy means.,Data privacy refers to a set of ideas and principles that can be understood through clear explanation.
Paraphrase the following sentence about history of Rome: 'History of rome is important for modern studies.',Understanding history of Rome plays a crucial role in contemporary learning.
Why is history of Rome important? Provide reasoning.,"History of rome is important because it influences various aspects of science, society, or technology."
Describe quantum mechanics in simple terms.,Quantum mechanics can be understood easily when broken down into basic ideas.
Summarize the concept of history of Rome in two sentences.,History of rome can be briefly described in a concise manner. This summary captures its core ideas clearly.
Explain what data privacy means.,Data privacy refers to a set of ideas and principles that can be understood through clear explanation.
Classify whether this topic relates to science or humanities: quantum mechanics.,science
Explain what neural networks means.,Neural networks refers to a set of ideas and principles that can be understood through clear explanation.
Why is global warming important? Provide reasoning.,"Global warming is important because it influences various aspects of science, society, or technology."
Explain what history of Rome means.,History of rome refers to a set of ideas and principles that can be understood through clear explanation.
Paraphrase the following sentence about quantum mechanics: 'Quantum mechanics is important for modern studies.',Understanding quantum mechanics plays a crucial role in contemporary learning.
Why is data privacy important? Provide reasoning.,"Data privacy is important because it influences various aspects of science, society, or technology."
Explain what global warming means.,Global warming refers to a set of ideas and principles that can be understood through clear explanation.
Classify whether this topic relates to science or humanities: photosynthesis.,science
Classify whether this topic relates to science or humanities: quantum mechanics.,science
Explain what economic inflation means.,Economic inflation refers to a set of ideas and principles that can be understood through clear explanation.
Explain what global warming means.,Global warming refers to a set of ideas and principles that can be understood through clear explanation.
Describe quantum mechanics in simple terms.,Quantum mechanics can be understood easily when broken down into basic ideas.
Why is economic inflation important? Provide reasoning.,"Economic inflation is important because it influences various aspects of science, society, or technology."
Paraphrase the following sentence about machine learning: 'Machine learning is important for modern studies.',Understanding machine learning plays a crucial role in contemporary learning.
Explain what machine learning means.,Machine learning refers to a set of ideas and principles that can be understood through clear explanation.
Classify whether this topic relates to science or humanities: economic inflation.,science
Summarize the concept of photosynthesis in two sentences.,Photosynthesis can be briefly described in a concise manner. This summary captures its core ideas clearly.
Why is economic inflation important? Provide reasoning.,"Economic inflation is important because it influences various aspects of science, society, or technology."
Explain what data privacy means.,Data privacy refers to a set of ideas and principles that can be understood through clear explanation.
Summarize the concept of economic inflation in two sentences.,Economic inflation can be briefly described in a concise manner. This summary captures its core ideas clearly.
Classify whether this topic relates to science or humanities: economic inflation.,science
Describe data privacy in simple terms.,Data privacy can be understood easily when broken down into basic ideas.
Describe history of Rome in simple terms.,History of rome can be understood easily when broken down into basic ideas.
Classify whether this topic relates to science or humanities: medieval architecture.,humanities
Paraphrase the following sentence about the solar system: 'The solar system is important for modern studies.',Understanding the solar system plays a crucial role in contemporary learning.
Paraphrase the following sentence about neural networks: 'Neural networks is important for modern studies.',Understanding neural networks plays a crucial role in contemporary learning.
Describe global warming in simple terms.,Global warming can be understood easily when broken down into basic ideas.
Describe the solar system in simple terms.,The solar system can be understood easily when broken down into basic ideas.
Paraphrase the following sentence about economic inflation: 'Economic inflation is important for modern studies.',Understanding economic inflation plays a crucial role in contemporary learning.
Paraphrase the following sentence about the solar system: 'The solar system is important for modern studies.',Understanding the solar system plays a crucial role in contemporary learning.
Explain what photosynthesis means.,Photosynthesis refers to a set of ideas and principles that can be understood through clear explanation.
Summarize the concept of neural networks in two sentences.,Neural networks can be briefly described in a concise manner. This summary captures its core ideas clearly.
Summarize the concept of data privacy in two sentences.,Data privacy can be briefly described in a concise manner. This summary captures its core ideas clearly.
Classify whether this topic relates to science or humanities: economic inflation.,science
Explain what history of Rome means.,History of rome refers to a set of ideas and principles that can be understood through clear explanation.
Paraphrase the following sentence about neural networks: 'Neural networks is important for modern studies.',Understanding neural networks plays a crucial role in contemporary learning.
Describe photosynthesis in simple terms.,Photosynthesis can be understood easily when broken down into basic ideas.
Paraphrase the following sentence about global warming: 'Global warming is important for modern studies.',Understanding global warming plays a crucial role in contemporary learning.
Describe machine learning in simple terms.,Machine learning can be understood easily when broken down into basic ideas.
Classify whether this topic relates to science or humanities: neural networks.,science
Describe economic inflation in simple terms.,Economic inflation can be understood easily when broken down into basic ideas.
Paraphrase the following sentence about machine learning: 'Machine learning is important for modern studies.',Understanding machine learning plays a crucial role in contemporary learning.
Paraphrase the following sentence about machine learning: 'Machine learning is important for modern studies.',Understanding machine learning plays a crucial role in contemporary learning.
Why is economic inflation important? Provide reasoning.,"Economic inflation is important because it influences various aspects of science, society, or technology."
Why is neural networks important? Provide reasoning.,"Neural networks is important because it influences various aspects of science, society, or technology."
Summarize the concept of machine learning in two sentences.,Machine learning can be briefly described in a concise manner. This summary captures its core ideas clearly.
Why is neural networks important? Provide reasoning.,"Neural networks is important because it influences various aspects of science, society, or technology."
Classify whether this topic relates to science or humanities: photosynthesis.,science
Describe neural networks in simple terms.,Neural networks can be understood easily when broken down into basic ideas.
Summarize the concept of the solar system in two sentences.,The solar system can be briefly described in a concise manner. This summary captures its core ideas clearly.
Paraphrase the following sentence about history of Rome: 'History of rome is important for modern studies.',Understanding history of Rome plays a crucial role in contemporary learning.
Summarize the concept of history of Rome in two sentences.,History of rome can be briefly described in a concise manner. This summary captures its core ideas clearly.
Explain what machine learning means.,Machine learning refers to a set of ideas and principles that can be understood through clear explanation.
Paraphrase the following sentence about machine learning: 'Machine learning is important for modern studies.',Understanding machine learning plays a crucial role in contemporary learning.
Explain what medieval architecture means.,Medieval architecture refers to a set of ideas and principles that can be understood through clear explanation.
Classify whether this topic relates to science or humanities: neural networks.,science
Describe economic inflation in simple terms.,Economic inflation can be understood easily when broken down into basic ideas.
Paraphrase the following sentence about machine learning: 'Machine learning is important for modern studies.',Understanding machine learning plays a crucial role in contemporary learning.
Why is history of Rome important? Provide reasoning.,"History of rome is important because it influences various aspects of science, society, or technology."
Explain what medieval architecture means.,Medieval architecture refers to a set of ideas and principles that can be understood through clear explanation.
Summarize the concept of the solar system in two sentences.,The solar system can be briefly described in a concise manner. This summary captures its core ideas clearly.
Explain what medieval architecture means.,Medieval architecture refers to a set of ideas and principles that can be understood through clear explanation.
Paraphrase the following sentence about the solar system: 'The solar system is important for modern studies.',Understanding the solar system plays a crucial role in contemporary learning.
Describe neural networks in simple terms.,Neural networks can be understood easily when broken down into basic ideas.
Paraphrase the following sentence about history of Rome: 'History of rome is important for modern studies.',Understanding history of Rome plays a crucial role in contemporary learning.
Explain what quantum mechanics means.,Quantum mechanics refers to a set of ideas and principles that can be understood through clear explanation.
Why is machine learning important? Provide reasoning.,"Machine learning is important because it influences various aspects of science, society, or technology."
Why is data privacy important? Provide reasoning.,"Data privacy is important because it influences various aspects of science, society, or technology."
Summarize the concept of global warming in two sentences.,Global warming can be briefly described in a concise manner. This summary captures its core ideas clearly.
Summarize the concept of neural networks in two sentences.,Neural networks can be briefly described in a concise manner. This summary captures its core ideas clearly.
Paraphrase the following sentence about history of Rome: 'History of rome is important for modern studies.',Understanding history of Rome plays a crucial role in contemporary learning.
Paraphrase the following sentence about photosynthesis: 'Photosynthesis is important for modern studies.',Understanding photosynthesis plays a crucial role in contemporary learning.
Paraphrase the following sentence about photosynthesis: 'Photosynthesis is important for modern studies.',Understanding photosynthesis plays a crucial role in contemporary learning.
Describe medieval architecture in simple terms.,Medieval architecture can be understood easily when broken down into basic ideas.
Summarize the concept of neural networks in two sentences.,Neural networks can be briefly described in a concise manner. This summary captures its core ideas clearly.
Classify whether this topic relates to science or humanities: medieval architecture.,humanities
Describe medieval architecture in simple terms.,Medieval architecture can be understood easily when broken down into basic ideas.
Describe the solar system in simple terms.,The solar system can be understood easily when broken down into basic ideas.
Why is data privacy important? Provide reasoning.,"Data privacy is important because it influences various aspects of science, society, or technology."
Classify whether this topic relates to science or humanities: photosynthesis.,science
Why is global warming important? Provide reasoning.,"Global warming is important because it influences various aspects of science, society, or technology."
Paraphrase the following sentence about data privacy: 'Data privacy is important for modern studies.',Understanding data privacy plays a crucial role in contemporary learning.
Explain what data privacy means.,Data privacy refers to a set of ideas and principles that can be understood through clear explanation.
Why is data privacy important? Provide reasoning.,"Data privacy is important because it influences various aspects of science, society, or technology."
Why is machine learning important? Provide reasoning.,"Machine learning is important because it influences various aspects of science, society, or technology."
Classify whether this topic relates to science or humanities: global warming.,science
Classify whether this topic relates to science or humanities: global warming.,science
Why is economic inflation important? Provide reasoning.,"Economic inflation is important because it influences various aspects of science, society, or technology."
Explain what economic inflation means.,Economic inflation refers to a set of ideas and principles that can be understood through clear explanation.
Explain what data privacy means.,Data privacy refers to a set of ideas and principles that can be understood through clear explanation.
Summarize the concept of quantum mechanics in two sentences.,Quantum mechanics can be briefly described in a concise manner. This summary captures its core ideas clearly.
Why is quantum mechanics important? Provide reasoning.,"Quantum mechanics is important because it influences various aspects of science, society, or technology."
Why is economic inflation important? Provide reasoning.,"Economic inflation is important because it influences various aspects of science, society, or technology."
Classify whether this topic relates to science or humanities: data privacy.,science
Classify whether this topic relates to science or humanities: global warming.,science
Summarize the concept of economic inflation in two sentences.,Economic inflation can be briefly described in a concise manner. This summary captures its core ideas clearly.
Describe medieval architecture in simple terms.,Medieval architecture can be understood easily when broken down into basic ideas.
Summarize the concept of history of Rome in two sentences.,History of rome can be briefly described in a concise manner. This summary captures its core ideas clearly.
Classify whether this topic relates to science or humanities: economic inflation.,science
Explain what neural networks means.,Neural networks refers to a set of ideas and principles that can be understood through clear explanation.
Summarize the concept of machine learning in two sentences.,Machine learning can be briefly described in a concise manner. This summary captures its core ideas clearly.
Describe the solar system in simple terms.,The solar system can be understood easily when broken down into basic ideas.
Classify whether this topic relates to science or humanities: quantum mechanics.,science
Summarize the concept of data privacy in two sentences.,Data privacy can be briefly described in a concise manner. This summary captures its core ideas clearly.
Explain what history of Rome means.,History of rome refers to a set of ideas and principles that can be understood through clear explanation.
Why is medieval architecture important? Provide reasoning.,"Medieval architecture is important because it influences various aspects of science, society, or technology."
Explain what quantum mechanics means.,Quantum mechanics refers to a set of ideas and principles that can be understood through clear explanation.
Summarize the concept of machine learning in two sentences.,Machine learning can be briefly described in a concise manner. This summary captures its core ideas clearly.
Summarize the concept of history of Rome in two sentences.,History of rome can be briefly described in a concise manner. This summary captures its core ideas clearly.
Describe machine learning in simple terms.,Machine learning can be understood easily when broken down into basic ideas.
Paraphrase the following sentence about medieval architecture: 'Medieval architecture is important for modern studies.',Understanding medieval architecture plays a crucial role in contemporary learning.
Describe history of Rome in simple terms.,History of rome can be understood easily when broken down into basic ideas.
Summarize the concept of data privacy in two sentences.,Data privacy can be briefly described in a concise manner. This summary captures its core ideas clearly.
Explain what neural networks means.,Neural networks refers to a set of ideas and principles that can be understood through clear explanation.
Classify whether this topic relates to science or humanities: quantum mechanics.,science
Explain what neural networks means.,Neural networks refers to a set of ideas and principles that can be understood through clear explanation.
Describe quantum mechanics in simple terms.,Quantum mechanics can be understood easily when broken down into basic ideas.
Summarize the concept of data privacy in two sentences.,Data privacy can be briefly described in a concise manner. This summary captures its core ideas clearly.
Explain what global warming means.,Global warming refers to a set of ideas and principles that can be understood through clear explanation.
Describe medieval architecture in simple terms.,Medieval architecture can be understood easily when broken down into basic ideas.
Why is global warming important? Provide reasoning.,"Global warming is important because it influences various aspects of science, society, or technology."
Paraphrase the following sentence about neural networks: 'Neural networks is important for modern studies.',Understanding neural networks plays a crucial role in contemporary learning.
Explain what history of Rome means.,History of rome refers to a set of ideas and principles that can be understood through clear explanation.
Summarize the concept of medieval architecture in two sentences.,Medieval architecture can be briefly described in a concise manner. This summary captures its core ideas clearly.
Explain what machine learning means.,Machine learning refers to a set of ideas and principles that can be understood through clear explanation.
Paraphrase the following sentence about machine learning: 'Machine learning is important for modern studies.',Understanding machine learning plays a crucial role in contemporary learning.
Why is quantum mechanics important? Provide reasoning.,"Quantum mechanics is important because it influences various aspects of science, society, or technology."
Classify whether this topic relates to science or humanities: the solar system.,science
Paraphrase the following sentence about the solar system: 'The solar system is important for modern studies.',Understanding the solar system plays a crucial role in contemporary learning.
Paraphrase the following sentence about machine learning: 'Machine learning is important for modern studies.',Understanding machine learning plays a crucial role in contemporary learning.
Why is history of Rome important? Provide reasoning.,"History of rome is important because it influences various aspects of science, society, or technology."
Summarize the concept of quantum mechanics in two sentences.,Quantum mechanics can be briefly described in a concise manner. This summary captures its core ideas clearly.
Explain what global warming means.,Global warming refers to a set of ideas and principles that can be understood through clear explanation.
Explain what global warming means.,Global warming refers to a set of ideas and principles that can be understood through clear explanation.
Paraphrase the following sentence about global warming: 'Global warming is important for modern studies.',Understanding global warming plays a crucial role in contemporary learning.
Paraphrase the following sentence about photosynthesis: 'Photosynthesis is important for modern studies.',Understanding photosynthesis plays a crucial role in contemporary learning.
Classify whether this topic relates to science or humanities: photosynthesis.,science
Classify whether this topic relates to science or humanities: medieval architecture.,humanities
